Tag,Combined_Tags
graphic-novels,"graphic-novels, graphic-novel, graphic-novels-and-other-quirks, graphic-novel-collection, book-club-graphic-novel, best-graphic-works, graphic-novels-to-love, graphic-novelly-stuff, graphic-novel-favorites, graphic-novel-reviews, five-star-graphic-novel, graphic-novels-trades, graphic-novels-trade-paperbacks, graphic-novels-and-nf, graphic-novel-travelogues, graphic-novels-galore, genre-graphic-novel, genre_graphic-novel, genre-graphic, diverse-graphic-novel, graphicnovels, format-graphic-novel, graphic_novel, graphicnovel, graphic_novels, graphic-novels-read, graphic-novels-etc,  mg-graphic-novel, grahic-novels, graphic-novels-2017, read-graphic-novels, graphic-novels-2020, other-graphic-novels, 0-graphic-novels, 5415-graphic-novels, 2017-graphic-novels, f-graphic-novel, 2022-graphic-novels, graphic-novels-anime, graphic-novel-trades, graphic-nov, grapic-novel, form-graphic-novel, graphic-novles, bd-graphic-novels, graphical-novel, 2020-graphic-novels, graphic-novel-favs, graphic-manga-novels, a-graphic-novel, graphic-novel-style, t-graphic-novel, graphic-novel-2021, graphic-nouvelle, graphic-novels-art, j-graphic-novels, graphic-novel-hq, p-graphic-novel, type-graphic-novels, graphic-novel-faves, 2019-graphic-novel, rbl-graphic-novels, graphic-novels-a, 1-graphic-novel, a-graphic-novels, graphic-novels-ftk, graphic-novels-2018, graphic-novels-2019, 2017graphicnovels, 2023-graphic-novels, read-graphic-novel, a-gn-1graphic-novels, graphic-nove, juv-graphic-novels, type-graphic-novel, x-graphic-novel, 2013-graphic-novels, graphic-novels-et-al, graphic-novels-i-own, genre-graphic-novels, graphic-novels-tpbs, bd-graphic-novel, graphic-novel-read, ctg-graphic-novel, 07-graphic-novel, g_graphic-novel, 2024-graphic-novels, graphicalnovel, 2-graphic-novels, graphic-novels-plus"
graphic-novel-comics,"graphic-novels-manga, graphic-novel-comics, format-manga-and-graphic-novels, comics-and-manga-and-graphic-novels, manga-graphic-novels, graphic_or_comix, comic-graphic-novels, graphic-novels-comix, mg-graphic-novels, comix-graphic-novels, comics-graphic-novels, comics-and-graphic-novels, comic-graphic-novel, comics-graphics, comics-manga-graphic-novels, comics-graphic-novel, comic-books-graphic-novels, comics-graphic-novels-manga, comics-indie-graphic-novels, comic-or-graphic-novel, comics-or-graphic-novels, comics-graphicnovels, manga-comics-graphic-novels, comics-graphic-novels-memoir, format-graphic-novels, comic-book-graphic-novel, comics-graphic-novels-webtoons, comics-graphic-novels-mangas, american-graphic-novels, manga-comic-graphic-novel, comics-tpbs-graphic-novels, comics-manga-graphic-novel, comics_graphic-novel, comics_graphic-novels, boxy-comics-graphic-novels, 22comics-graphicnovels-manga, comics-graphicnovels-manga, comics-graphic-nvs, comicsmangagraphicnovel, comics-manga-and-graphic-novels, comics-graphic-owned, comicsgraphicnovels, comics-graphicnovels-etc, 01-comics-graphic-novels, manga-comics-graphic-novel, comics-manga-graphicnovels, e-comic-grapic-novel, random-graphic-novels, comics-n-graphic-novels, comic-graphic-novel-etc, comics-graphic-novel-manga, comics-and-graphic-novels-manga, comic-graphic-novel-2017, manga-comics-graphicnovels, romantic-graphic-novel, read-comics-graphic-novels, comics-graphic-novels-and-manga, comics-cartoons-graphic-novels, comics-graphic-novels-r, comics-graphic-novels-etc, comic-graphic-novel-memoir, cartoons-graphic-novels, comixandgraphicnovels, comic-books-and-graphic-novels, comicstrip-graphic-novels, comics-graphic-novels-read,graphic-novels-comics, graphic-novels-and-comics, graphic-novel-comic, graphic-novels-comic-books, graphics-comics, graphic-novels-comics-manga, graphic-novel-or-comic, graphic-novels-or-comics, graphic-novel-or-comics, graphic-novel-comics-zines, graphicnovels-comics-manga, graphic-novels-memoirs, graphic_novels_and_comics, graphicnovels-comics, graphics-n-comics, adult-graphic-novels-comics, graphic-novels-comics-and-manga, graphic-novel-comix, read-graphic-novels-comics, graphic-novels-and-comic-books, graphic-novel-and-comics, graphic-novel-comic-manga, graphicnovelsandcomics, graphic-works-comics, graphic-novels-comics-trades, graphic-novels-and-comix, graphic-novel-manga-comics, graphic_novels-comics, grapic-novels-comics, read-graphic-novel-comics, graphic-nvls-comic-bks, graphic-novels-manga-comics, graphic-novel-comics-manga, graphic-novel-webcomics, manga-graphic-novels-comics, graphic-novels-comic-art, graphic-novels-mangas, graphic-novels-american, graphic-novels-comics-etc, graphic-novel-comic-book, graphic-novels-comics-art-manga, graphic-novels-cartoons, graphicnovelscomics, graphic-novel-comic-thingys, best-graphic-novels-comics, graphic-novel-comic-stuff,graphic-novel-manga, graphic-novels-and-manga, graphic-manga, graphic-novel-or-manga, graphic-narrative-manga, graphic-novels-and-art, 2-graphic-novels-manga, graphic-novel-and-manga, graphic-novel-bingo, graphic-novels-manga-etc, graphic-novels-tpb-manga, graphic-novels-n-manga, graphic-novel-manga-manhwa, graphic-novel-format, graphic-and-manga, graphic-novels-and-mangas, graphic-novel-manga-read, graphicnovels-manga-bds"
adult-graphic-novels,"adult-graphic-novels, graphic-novel-adult, graphic-novels-adults, adult-graphic-novel, adult-graphicnovel, adult-graphic, 2022-adult-graphic-novels"
ya-or-adult-graphic-novels,"adult-teen-graphic-novels, ya-or-adult-graphic-novels, juvenile-graphic-novels"
kids-graphic-novels,"kids-graphic-novels, graphic-novel-kids, children-s-nonfiction, children-s-non-fiction, childrensnonfiction, childrens-nonfiction"
ya-graphic-novels,"ya-graphic-novel, ya-graphic-novels, graphic-novel-young-adult, teen-graphic-novels, graphic-novel-teen, ya_graphicnovels, young-adult-graphic-novels, young-adult-graphic-novel, graphic-novel-youth"
ya-fiction,"ya-fiction, fiction-ya, teen-fiction, ya-novels"
ya-non-fiction,"young-adult-nonfiction, adolescent-nonfiction, youngadultnon-fiction, youth-nonfiction, read-ya-nonfiction, teen-nonfiction, juvenile-and-ya-nonfiction, juvenile-non-fiction, juvenille-non-fiction, juvenile-nonfiction"
great-graphic-novels,"great-graphic-novels"
biography,"biography, autobiography, gb-biography, ctg-biography, nf-biography, g_biography, biographic, read-biography, biographical-fiction, biographical-stuffs"
non-fiction,"non-fiction, kenny-nonfiction-648, other-non-fiction, informational-nonfiction, other-nonfiction, favorite-non-fiction, nonfiction-2016, nonfiction-2021, nonfiction-2017, nonfiction-2022, top-tier-non-fiction, non-fiction-challenge, nonfiction-general, collection-non-fiction, collection-fiction, non-fiction-general, non-fiction_general, 5-star-nonfiction, all-read-nonfiction, best-nonfiction, stellar-nonfiction, non-fiction-or-based-on, nonfiction-read, nonfiction-crime, nonfiction-recs, nonfiction-assorted, fiction-read, nonfiction, ya-nonfiction, read-nonfiction, read-non-fiction, ya-non-fiction, g-non-fiction, gn-non-fiction, best-non-fiction, 2019-non-fiction, r-nonfiction, a-non-fiction, ya_nonfiction, not-fiction, gay-non-fiction, t-non-fiction, good-non-fiction, 2-non-fiction, 1nonfiction, nonfictions, type-non-fiction, 2020-non-fiction, adultnon-fiction, non-fiction-2023, 0-non-fiction, 7-8-non-fiction, non-fiction-art, aa-nonfiction, non_fiction, mg-nonfiction, 2016-non-fiction, non-fiction-2017, j-ya-non-fiction, fave-non-fiction, teen-non-fiction, non-fiction-read, fun-fiction, gn-nonfiction, non-fiction-2020"
history,"history, nf-history, history-general, popular-history, 1-history, 02-history, maybe-a-little-bit-of-history, a-little-bit-of-history, r-nf-history, aa-history, history-historical, history-related, history-read, history-n-learning"
memoir,"memoir, memoirs, memoires, gn-memoir, nf-memoir, genre-memoir, memoir-ish, memoir-and-essay, memoir-essays"
graphic,"graphic, graphic-y-n-stuff, graphics, graphica, graphic-fun, graphic-whatevers, graphic-whatever, graphical, graphic-wishlist, read-graphic, y-graphic, j-graphic, ya-graphic, g-graphic, comgraphic, graphically-illustrated, graphic-illustrated"
biography-memoirs,"biographies-and-memoirs, autobiography-and-memoir, bios-and-memoirs, graphic-novels-and-memoirs, adult-biographies-and-memoirs, biography-memoir, biographies-autobiographies-memoirs, biographies-histories-memoirs, biography-and-memoir, biographies-memoirs, biography-memoirs, autobiography-memoir, biography-or-memoir, biographymemoir, biography-and-memoirs, auto-biography-memoir, autobiography-or-memoir, mg-biography-memoir, biography-memoir-diary, biography-memoir-etc, best-biography-memoir, biog-memoir, biography_memoir, biography-memoir-essay, biography-memoir-adults, 01-biography-memoir, nf-biography-memoir, 7-8-biography-memoir, genre-biography-memoir, adult-biography-memoir, biography-memior, biographical-memoir, biography-memoir-ish, biography-or-memior,autobiography-biography-memoir, autobiography-biography, autobio-biography-memoir, auto-biography-biography-memoir, autobiograpy-biography-memoir, autobiographies-biographies-memoirs, autobiography-and-biography, autobiographies-biographies-memoir, autobiography-biography-memior, auotbiography-biography-memoir, autobiography-biography-memoirs"
historical-fiction,"historical-fiction, historic-fiction, history-historical-fiction, fiction-historical, nonfiction-historical, adult-fiction-historical, fiction_historical, historical-fiction-middle, genre-historical-fiction, adult-historical-fiction, historical_fiction, mg-historical-fiction, historical-fiction-adult, historica-fiction, historical-fiction-fix, sapphic-historical-fiction"
historical-nonfiction,"historical-nonfiction, historical-non-fiction, history-non-fiction, history-nonfic, history-nonfiction-memoir"
american-history,"american-history, american_history, american-politics-and-history, american-culture-and-history, americanhistory, american-nonfiction, african-american-nonfiction, media-history, genre-american-history, history-american, history-north-america, history-america, history_america, historyonics-american, american-history-jr, us-history, history-us-history, history-social-history"
biographical,"biographical, autobiographical, true-biographical"
memoir-biography,"memoir-biography, memoirs-biographies, memoir-biography-autobio, memoir-auto-bio, memoirs-autob, memoirs-autobio-bio, memoir-autobio-bio, memoir-bio-autobio, memoirs-biography-autobios, memoirs-biographies-autobio, bio-memoir, memoirs-and-bios, memoirs-and-biographies, memoirs-or-bios, memoirish-and-bios-too, bios-memoirs, bio-and-memoir, bio-or-memoir, autobio-memoir, bio-memoirs, biog-memoirs, bios-memoir, biographical-or-memoir, autobio-bio-memoir, autobio-or-memoir, autobio-and-memoir, autobio-bio-memoirs, memoir-autobiography, memoir-and-biography, memoirs-biography, memoirs-and-biography, memoir-auto-biography, genre-memoir-biography, memoir-biography-ish, memoir-or-autobiography, memoir-and-or-biography, memoirs-autobiography, memoir-biography-etc, memoir-biographies, memior-biography, graphic-memoir, graphic-memoirs, graphic-novel-memoir, graphic-memoir-bio, memoir-bio, memoirs-bios, memoir-and-bio, memoir-autobio, memoir-or-bio, memoirs-bio, memoirsbios, memoir-bios, bio-autobio-memoir, auto-bio-memoir, bio-autobio-memoirs, biography-autobio-memoir, auto-bio-memoirs"
fiction,"fiction, fiction-series"
biography-autobiography,"biography-autobiography, biography-autobiography-memoir, biography-and-autobiography, memoir-biography-autobiography, biography-memoir-autobiography, bio-autobiography, memoirs-biography-autobiography, gr-hs-autobiography, bio-or-autobiography, biography-autobio, biography-auto-biography, bio-and-autobiography"
horror,"horror"
fantasy,"fantasy, gn-fantasy, fantasy-sf"
graphic-books,"graphic-books, graphic-bio, graphic-book, graphic-works, cat-graphic-books, graphic_book"
graphic-narratives,"graphic-comic-narrative, graphic-narratives, graphic-narrative"
graphic-nonfiction,"graphic-nonfiction, graphic-non-fiction, graphic-novels-nonfiction, graphic-novel-nonfiction, graphic-fiction, nonfiction-graphics, non-fiction-graphic-novels, nonfiction-graphic-novels, graphic-novel-non-fiction, graphic-novels-non-fiction, graphic-non-fiction-comics, graphical-fiction, powerofgraphicnonfiction, biography-nonfiction"
adult-non-fiction,"adult-nonfiction, adult-non-fiction, adult-nonfiction-books, adult-nonfiction-graphic-novel"
adult-fiction,"adult-fiction"
adult-biography,"adult-biography"
lgbt-nonfiction,"glbt-nonfiction"
graphic-history,"graphic-history, biography-history, graphic-novel-historical-or-nf, graphic-novel-historical-event, graphic-story, graphic-historical, graphic-history-bio, history-biography, history-and-biography, nf-hist-biography, historical-biography"
black-history,"black-history, black-history-month, black-history-and-culture, baltic-history, black-history-and-experience"
graphic-comics,"graphic-comic, graphic-comics, graphic_comics, graphic_comic, comics-and-graphic, comics-manga-graphic, comics-graphic_novels-reviews, graphic-comic-manga, graphic-and-comic, graphics-and-comics, graphica-and-comix"
african-american-history,"african-american-history"
autobiography,"auto-biography, auto-and-biography, autobiographic"
graphic-sequential,"graphic-sequential-art, graphic-novels-sequential-art, graphic-sequential, graphic-novel-or-sequential-art, sequential-art-graphic-novel, sequential-art-comics-graphic-novel, sequntial-art-graphic-novels"
comic-biography,"comics-biography, comic-biography"
graphic-format,"graphic-format, graphic-form"
manga-graphic,"manga-graphic-novel, manga-and-graphic-novels, manga-graphics, non-manga-graphic-novels, manga-graphic, manga-graphics-novels, manga-comic-graphicnovel, manga-graphic-novels-etc"
comic-graphic,"comics-graphics-etc, comic-graphic, comics-graphic, comics-graphics-art"
art-history,"art-history"
labor-history,"labor-history"
graphic-biography,"graphic-biography, graphic-biographies, graphic-novel-biography, graphic-memoir-biography"
graphic-novels-and-nonfiction,"graphic-novels-and-graphic-nonfic, graphic-novels-and-nonfiction"
favorite-graphic-novels,"favorite-graphic-novels, favorites-graphic-novel, 2format-graphic-novel, favourites-graphic-novels, favorite-graphics"
non-fiction-biography,"non-fiction-biography, nonfiction-biography-memoir, biographies-and-non-fiction-comics, nonfiction-biographies, nonfiction-biography, adult-nonfiction-biography, non-fiction-biography-memoirs, nonfiction-biographical, nonfiction-auto-biography, non-fiction-biography-memo, non-fiction-and-biography"
historical-biography,"history-biography-essay-stuff"
non-fiction-memoir,"non-fiction-memoir, nonfiction-memoir, non-fiction-auto-biography-memoir, nonfiction-or-memoir, non-fiction-and-memoirs, non-fiction-or-memoir, non-fiction-memoir-or-bio, genre-non-fiction-memoir"
graphic-lit,"graphic-lit, graphic-lit-and-hist"
graphic-art,"graphic-art"
comics-graphic-novels-and-memoirs, "comics-graphic-novels-and-memoirs"
comics-non-fiction,"comics-non-fiction, comics-nonfiction, comics-fiction, science-non-fiction"
biographies-other-non-fictions,"biographies-other-non-fictions"
fantagraphics,"fantagraphics, x-fantagraphics, comics-fantagraphics"
narrative-nonfiction,"narrative-non-fiction, narrative-nonfiction"
creative-nonfiction,"creative-nonfiction"
getting-graphic,"gettin-graphic, gettinggraphic, getting-graphic"
genre-nonfiction,"general-non-fiction, genre-non-fiction, general-nonfiction, genre-nonfiction, 3-genre-nonfiction, nf-all-non-fiction, queer-non-fiction"
comics-memoir,"comics-memoir"
crime-mystery,"crime-mystery"
graphic-novels-picturebooks,"graphic-novels-picture-books, graphic-novel-and-picture-book, graphic-novels-picturebooks"
novels,"novel, gnovel, novels"
military-history,"military-history, military-fiction"
graphic-texts,"graphic-texts, graphic-texts-512"
history-ww2,"history-world-war-ii, history-wwii-holocaust, history-ww2, history-wwii, wwii-nonfiction"
graphic-fiction-and-nonfiction,"graphic-fiction-non-fiction, graphic-fiction-and-nonfiction, fiction-non-fiction"
history-current-events,"history-current-events"
antiracist-nonfiction,"anti-racism-non-fiction, antiracist-nonfiction"
history-politics,"history-politics, history-and-politics, nf-history-politics"
900-history-geography,"900-history-geography"
contemporary-history, "contemporary-history"
mystery,"mystery, gn-mystery"
hardly-strictly-biography,"hardly-strictly-biography"
good-teaching-novel,"good-teaching-novel"
format-graphic,"format-graphic, 1format-graphic, form-graphic"
cartoon-graphic-novels,"cartoon-graphic-novel, cartoon-graphic-novels"
autobiographic-novels,"autobiographic-novels"
literary-fiction,"literary-fiction"
genre-horror,"gn-horror, genre-horror"
read-graphic-novel-feminism
graphic-novel-discussion-ready
nonfiction-reading-to-learn
"comics-graphic_novels-illustrated, comic-graphic-novel-illustrated, comics-graphic-novel-or-illustrat"
adult-nonfiction-memoir-bio
horror-thriller
graphic-dramatization
"realistic-fiction, realisticfiction"
w_graphic_nf
graphic-comics-kids-books
young-adult-biography
"family-history, film-history"
"21st-century-non-fiction, 21st-century-fiction"
"memoir-and-autobiographical-essays, memoir-and-autobiography, memoir-autobiographical"
"genre_biography, genre-autobiography"
biography-firstperson-memoir
"comic-graphic-manga, comics-graphics-manga, 5-graphic-manga"
"graphics-and-pictures, graphic-picture"
"children-s-graphic-novel, childrens-graphic-novels, childrens-graphic-novel"
"informational-biography, informational-biographical"
memoir-abg
"history-for-kids, black-history-for-kids"
young-adult-fiction
award-winners-nonfiction
want-to-read-graphic-novels
graphic-novels-with-history-themes
genre-fiction
literary-biography
graphic-novels-tpb-single-issues
nonfictionnovember
nonfiction-informational
u-s-history
"france-nonfiction, fun-nonfiction"
history-books
graphic-historical-account
"favorite-nonfiction, favourites-non-fiction, favourite-nonfiction"
ya-graphics
"memoir-non-fiction, memoir-nonfiction, bio-memoir-nonfiction"
historical-novel
"graphic-novels-for-middle-grades, graphic-novels-for-middle-schoolers"
"recent-graphic-novels, ya-recs-graphic-novel"
grown-up-novels
picture-me-rolling-animated-graphic
"bio-and-memoirs, history-and-memoirs, bios-autos-and-memoirs, autos-bios-and-memoirs"
microhistory-sweeping-social-hist
"biography-memoir-autobio, biography-or-auto"
aaa-favoritegraphic
graphic-novel-top-shelf
illustrated-graphic
"top-tier-graphic-novels, a-tier-graphic-novels"
"graphic-novels-comics-illustrator, graphic-novels-comics-illustrated, graphic-novels-illustration, graphic-novels-and-illustration"
"memoir-person, memoir-lesson"
true-life-graphic-novel
"graphic-novels-comic-books-manga, graphic-novels-comics-manga-manhwa, graphic-novel-or-comic-book"
history-african-american
graphic-novel-or-elements
bio-autobio-autobio-novel
2021-graphic
"graphic-literature, kids-graphic-literature"
fantasy-scifi
graphic-novels-finished
history-global
youre-a-graphic-novel
"romance, no-romance"
science-fiction
history-and-exploration
graphic-genre
"various-non-fiction, humorous-non-fiction"
nonfiction-kidlit
nonfiction-pb-bios
french-history
marie-antoinette-and-family-fiction
"topic-history, comics-history"
all-time-favorite-non-fiction
20th-century-history
"science-history-atomic, science-history"
ghs-nonfiction-faves-by-americans
nonfiction-ya-kiddos
military-history-aviation-history
non-fiction-miscellaneous
memoir-bio-true
politics-and-political-history
horror-vampires
bio-or-autobiographical
artsy-graphic-esque
"history-modern, history-major"
fiction-yng-adult
diverse-womens-history-month
genre-history-and-art
junior-nonfiction
"sci-fi-fantasy, scifi-fantasy"
"non-fiction-fun-stuff, non-fiction-stuff"
culture-history-and-biography
graphic-storytelling
graphically-awesome
mental-illness-graphi-novel
french-fiction
"read-2018-non-fiction, reading-648-non-fiction"
biography-memoir-reviews
comics-graphic-novels-non-fiction
comics-novelas-graficas-manga
5-star-novels
"memoir-diary-journal, auto-bio-memoir-diary-journal"
"2016-novel-length-reads, 2017-novel-length-reads"
g-mangas-comics-graphnovels
graphic-novels-illustrated-art
bande-dessinée-graphic-novels
creepy-history
history-and-facts
les-memoires
horror-serial-killers
autobio-memoir-diary
graphic-book-group
"graphic-novel-book-club, graphic-novels-for-book-club, graphic-novel-ehs-book-club"
graphic-novels-digital
the-horror-the-horror
graphic-novels-comics-and-webcomics
"graphic-novels-i-ve-read, graphic-novels-want-to-read"
comics-crime-mystery-thriller
horror-etc
2021-graphic-novel-hq
horror-monsters-end-of-the-world
graphic-novels-and-trade-paperbacks
graphic-novels-are-literature-too
young-adult-novels
mg-ya-nonfiction
ya-memoir
2-format-graphic-novel
crime-suspense-thriller-mystery
nonfiction-horror
horrorific
graphic-novels-and-manga-and-comics
history-autobiographies-biographies
graphic-novel-current-events
2023-reads-graphic
graphic-novels-manga-manhua-manhwa
"non-romance, not-a-romance"
politics-economy-history
adult-nonfiction-autobiography
adult-nonfiction-historical
nonfiction-independent-reading
asian-stories-and-history
"nonfiction-faves, nonfiction-favorites"
auto-biographies-memoirs-biography
crime-horror-mystery-thriller
memoirs-etc
non-fiction-five-stars
challenge-graphicsathon-bingo
graphic-novels-for-big-kids
non-fiction-nineteen
memoirs-i-adore
lit-graphic
graphic-or-picture-photography-book
history-united-states
manga-graphic-novels-comics-read
inspiring-memoirs
history-biography-or-memoir
good-contemporary-novels
hidden-history
genre-bio-memoir
biographyhistory
injustice-history
21-manga-gr-novel
gender-race-class-non-fiction
"nonfiction-i-recommend, non-fiction-we-recommend, nonfiction-books-to-recommend"
"youth-fiction, youth-ya-nonfiction"
gibbons-nonfiction-faves
historical-memoir
memoir-inspirational
great-biographies-autobio-memoir
history-and-historical-fiction
children-s-biography
juvenile-biography-memoir
read-graphic-comics-picture-books
kids-nonfiction
biography-memoir-favorites
interesting-history
interesting-non-fiction
celebrity-memoir
cultural-fiction
graphic-pictures-or-photos
adult-memoir
"2019-staff-nonfiction-favorites, 2017-staff-nonfiction-favorites, 2016-staff-nonfiction-favorites"
"memoirs-biography-nonfiction, memoir-biography-nonfiction"
history-military
"graphic-visual, graphic_visual"
english-fiction
graphic-novels-w-breathtaking-art
art-history-creative
success-biography
"biography-biographical, biographies-biographical"
nonfiction-is-my-jam
"cultural-history, natural-history"
comix-novel
"global-history, oral-history"
biography-memoir-picture-books
russian-history
history-for-teaching
nonfiction-culture
non-fiction-ranking
biography-american
childrens-and-teen-nonfiction
argentina-history
groovy-graphics
non-fiction-or-essays
2024-nonfiction
history-us-history-am-revolution
graphic-children
bio-memoir-letters
"illustrated-non-fiction, illustrated-nonfiction"
"memoirs-letters-diaries, memoirs-letters-and-diaries"
format-graphic-memoir
african-american-teen-fiction
black-fiction-literature
picturebooks-graphic-novels
united-states-history
history-non-wwii
"middle-school-graphic-novel, middle-school-graphic-novels"
memoir-about-a-boy
ala-best-teen-novels
nonfiction-politics
nonfiction-black-or-poc
"novels-class, ya-novel-class"
black-history-reading-mmd
"history-buff, for-history-buffs, history-stuff"
scifi-fantasybookchallenge
american-government-and-history
read-memoir
"graphic-goodness, graphic-novel-goodness, graphic-goodies"
a-b-1biography
awesome-graphic-novels
memoir-non-celebrity
graphic-tastic
read-biography-and-memoir

"nonfiction-history, non-fiction-usa-history, non-fic-history"
ya-graphic-novels-at-fortson-librar
middle-grade-nonfiction
student-non-fiction
graphic-content
books-about-god-fiction
pictures-graphic-comics
non-fiction-history-and-culture
memoirs-journals
french-novels
mystery-suspense-thriller
graphic-novel-standalone
graphic-novels-a-ranking
read-history-bio-memoir
graphic-memoirs-biographies
avonturen-in-graphic-novels
based-of-history
biography-ya-kiddos
british-history
graphic-novels-i-like-a-lot
american-religious-history
"novela-grafíca, novela-grafica"
graphic-novels-trades-comicbooks
women-s-history
graphic-novels-read-2016
history-repeating
history-and-bio
gen-memoir-biog
"history-usa, history-russian"
history-tie-in
graphic-novel-or-nonfiction
albums-graphics
american-history-for-kids
graphic-novels-series-to-follow
biographically-inclined
nonfiction-fiction-pairings
i-dislike-graphic-novels-almost-alw
graphic-novels-graphic-memoirs
biography-essays
biography-read
"bios-memoirs-essays, biography-memoirs-essays"
politics-history
2017-j-ya-nonfiction
graphic-novels-of-the-holocaust
reading-graphically
mormon-history
killer-non-fiction
conspiracy-hidden-history
horror-recommendations
non-fiction-true-crime
experimental-fiction
documentary_biography
alternate-history
mystery-thriller-crime
crime-thriller-horror-etc
literary-graphic-novels
modern-fiction
biography-memoirs-jornalism
20xx-s-l-graphic-novel-challenge
bio-memoir-remember-the-time
read-2020-fiction
fiction-genre-comics-or-illustrated
author_as_fiction
graphicnovel-bio
ctg-fantasy
fantasy-scifi-adventure
fantasy-magic
best-graphic-novels-2020
ya-recs-history
arts-arts-related-non-fiction
short-story-novella
science-tech-history
graphic-novels-tpb-editions
non-fiction-science
non-fiction-philosophia
engaging-nonfiction
fiction-non
best-graphic-lit-ever
dystopia-nonfiction
comic-graphic-novel-memoir-webtoon
history-of-jazz
memoir-autobiography-biography
biography-auto
graphic-novels-independent
art_and_art_history
biographie-memoire-temoignage
03-general-non-fiction-foreign
essays-auto-bio-memoir
history-or-historical-period-nove
graphic-novels-at-the-busse-library
graphic-based
bios-memoirs-and-such
comic-graphic-trade-volumes
historical-and-alternate-history
black-history-month-feb
fictionalized-nonfiction
canadian-fiction
history-culture
graphic-novels-inverted-commas
sequential-art-graphic-literature
graphic-novel-art-references
essays-and-nonfiction
miscellaneous-non-fiction
heat-no-romance
nonfiction-adult-or-ya
graphic-stories
gothamcitypubliclibrary-nonfiction
graphic-reads
adult-novels
graphic-novel-adaptations
herstories-history-of-women
european-history
novel_graphic
beat-fiction
multi-genre-graphic-novels-plays
world-history
sapphic-graphic-novels
hot-girl-non-fiction-summer
graphic-work
3-queer-not-romance-focus
history-social
